Country,Year,GDP_Predicted,MAPE,RMSE
Afghanistan,2024,2.510703500606633,12.576820329235067,0.5115069429240233
Afghanistan,2025,3.1447110021342097,12.576820329235067,0.5115069429240233
Afghanistan,2026,3.361647033552036,12.576820329235067,0.5115069429240233
Afghanistan,2027,3.5288618661317286,12.576820329235067,0.5115069429240233
Afghanistan,2028,3.6577514749805293,12.576820329235067,0.5115069429240233
Armenia,2024,4.528775025904896,2.57343811159406,0.21356908256271942
Armenia,2025,4.536733146897671,2.57343811159406,0.21356908256271942
Armenia,2026,4.538934072448353,2.57343811159406,0.21356908256271942
Armenia,2027,4.53954276805427,2.57343811159406,0.21356908256271942
Armenia,2028,4.5397111110227755,2.57343811159406,0.21356908256271942
Azerbaijan,2024,1.9695307723567823,52.29883952320312,1.4240473053744858
Azerbaijan,2025,1.491942870484732,52.29883952320312,1.4240473053744858
Azerbaijan,2026,1.130164382314611,52.29883952320312,1.4240473053744858
Azerbaijan,2027,0.8561128956885468,52.29883952320312,1.4240473053744858
Azerbaijan,2028,0.648515651026948,52.29883952320312,1.4240473053744858
Bahrain,2024,3.450085672804387,29.685422307361186,0.903574978999857
Bahrain,2025,3.7033677320543843,29.685422307361186,0.903574978999857
Bahrain,2026,3.788893697772502,29.685422307361186,0.903574978999857
Bahrain,2027,3.817773322463159,29.685422307361186,0.903574978999857
Bahrain,2028,3.8275251295929618,29.685422307361186,0.903574978999857
Bangladesh,2024,7.486045252740259,8.572898288739077,0.6585656739164105
Bangladesh,2025,7.5695513851256315,8.572898288739077,0.6585656739164105
Bangladesh,2026,7.5510989326675775,8.572898288739077,0.6585656739164105
Bangladesh,2027,7.777856116144897,8.572898288739077,0.6585656739164105
Bangladesh,2028,7.877470268490606,8.572898288739077,0.6585656739164105
Bhutan,2024,6.365055605476929,48.25745591000551,2.121596349224098
Bhutan,2025,6.406288472752618,48.25745591000551,2.121596349224098
Bhutan,2026,6.406288472752618,48.25745591000551,2.121596349224098
Bhutan,2027,6.406288472752618,48.25745591000551,2.121596349224098
Bhutan,2028,6.406288472752618,48.25745591000551,2.121596349224098
Brunei Darussalam,2024,1.8293693025335644,51.19299209195864,1.6042885487887342
Brunei Darussalam,2025,1.395353592327493,51.19299209195864,1.6042885487887342
Brunei Darussalam,2026,1.395353592327493,51.19299209195864,1.6042885487887342
Brunei Darussalam,2027,1.395353592327493,51.19299209195864,1.6042885487887342
Brunei Darussalam,2028,1.395353592327493,51.19299209195864,1.6042885487887342
Cambodia,2024,6.022926834064987,6.956643053559401,0.46974106096484475
Cambodia,2025,5.898716164402076,6.956643053559401,0.46974106096484475
Cambodia,2026,5.8430330728762545,6.956643053559401,0.46974106096484475
Cambodia,2027,5.818070590262742,6.956643053559401,0.46974106096484475
Cambodia,2028,5.806880020178448,6.956643053559401,0.46974106096484475
China People's Republic of,2024,3.4,12.414634146341463,0.648074069840786
China People's Republic of,2025,3.4,12.414634146341463,0.648074069840786
China People's Republic of,2026,3.4,12.414634146341463,0.648074069840786
China People's Republic of,2027,3.4,12.414634146341463,0.648074069840786
China People's Republic of,2028,3.4,12.414634146341463,0.648074069840786
Georgia,2024,4.012877313252293,37.00058922182747,1.9737876411622957
Georgia,2025,3.2301924759457803,37.00058922182747,1.9737876411622957
Georgia,2026,2.9920873068655647,37.00058922182747,1.9737876411622957
Georgia,2027,2.9920873068655647,37.00058922182747,1.9737876411622957
Georgia,2028,2.9920873068655647,37.00058922182747,1.9737876411622957
Hong Kong SAR,2024,2.217864385975832,21.69644242096675,0.6398849289030245
Hong Kong SAR,2025,2.217864385975832,21.69644242096675,0.6398849289030245
Hong Kong SAR,2026,2.217864385975832,21.69644242096675,0.6398849289030245
Hong Kong SAR,2027,2.217864385975832,21.69644242096675,0.6398849289030245
Hong Kong SAR,2028,2.217864385975832,21.69644242096675,0.6398849289030245
India,2024,6.091836734693877,1.6487592241701396,0.11997153626049413
India,2025,6.091836734693877,1.6487592241701396,0.11997153626049413
India,2026,6.091836734693877,1.6487592241701396,0.11997153626049413
India,2027,6.091836734693877,1.6487592241701396,0.11997153626049413
India,2028,6.091836734693877,1.6487592241701396,0.11997153626049413
Indonesia,2024,5.205751583943992,4.88229255629931,0.25418382022450964
Indonesia,2025,5.279223778900081,4.88229255629931,0.25418382022450964
Indonesia,2026,5.279223778900081,4.88229255629931,0.25418382022450964
Indonesia,2027,5.279223778900081,4.88229255629931,0.25418382022450964
Indonesia,2028,5.279223778900081,4.88229255629931,0.25418382022450964
Iran,2024,2.6051676141263305,27.789428944387772,0.5739029919575731
Iran,2025,2.794963964231123,27.789428944387772,0.5739029919575731
Iran,2026,2.5511983954383375,27.789428944387772,0.5739029919575731
Iran,2027,2.3796272931692006,27.789428944387772,0.5739029919575731
Iran,2028,2.4479856274737855,27.789428944387772,0.5739029919575731
Iraq,2024,3.482978723404255,41.614683074875224,1.038386811677353
Iraq,2025,3.482978723404255,41.614683074875224,1.038386811677353
Iraq,2026,3.482978723404255,41.614683074875224,1.038386811677353
Iraq,2027,3.482978723404255,41.614683074875224,1.038386811677353
Iraq,2028,3.482978723404255,41.614683074875224,1.038386811677353
Israel,2024,4.1020408163265305,20.302314474176764,0.7062433540468611
Israel,2025,4.1020408163265305,20.302314474176764,0.7062433540468611
Israel,2026,4.1020408163265305,20.302314474176764,0.7062433540468611
Israel,2027,4.1020408163265305,20.302314474176764,0.7062433540468611
Israel,2028,4.1020408163265305,20.302314474176764,0.7062433540468611
Japan,2024,0.5254677715939816,25.54054020481174,0.2292896943495851
Japan,2025,0.5254677715939816,25.54054020481174,0.2292896943495851
Japan,2026,0.5254677715939816,25.54054020481174,0.2292896943495851
Japan,2027,0.5254677715939816,25.54054020481174,0.2292896943495851
Japan,2028,0.5254677715939816,25.54054020481174,0.2292896943495851
Jordan,2024,3.4197343833679708,29.324796234673844,0.8701362858212256
Jordan,2025,3.7511558513884142,29.324796234673844,0.8701362858212256
Jordan,2026,3.9492862378012688,29.324796234673844,0.8701362858212256
Jordan,2027,3.9492862378012688,29.324796234673844,0.8701362858212256
Jordan,2028,3.9492862378012688,29.324796234673844,0.8701362858212256
Kazakhstan,2024,2.8549538004348567,35.35483728535492,1.188849300337341
Kazakhstan,2025,2.8385613310357662,35.35483728535492,1.188849300337341
Kazakhstan,2026,3.1808939230562965,35.35483728535492,1.188849300337341
Kazakhstan,2027,3.1808939230562965,35.35483728535492,1.188849300337341
Kazakhstan,2028,3.1808939230562965,35.35483728535492,1.188849300337341
Korea Republic of,2024,2.315471684819885,2.0507550825206784,0.05137956477879143
Korea Republic of,2025,2.278197444923195,2.0507550825206784,0.05137956477879143
Korea Republic of,2026,2.256653698798931,2.0507550825206784,0.05137956477879143
Korea Republic of,2027,2.2396746577291995,2.0507550825206784,0.05137956477879143
Korea Republic of,2028,2.2461078151237,2.0507550825206784,0.05137956477879143
Kuwait,2024,2.131914893617021,20.432805964720878,0.5495427952751648
Kuwait,2025,2.131914893617021,20.432805964720878,0.5495427952751648
Kuwait,2026,2.131914893617021,20.432805964720878,0.5495427952751648
Kuwait,2027,2.131914893617021,20.432805964720878,0.5495427952751648
Kuwait,2028,2.131914893617021,20.432805964720878,0.5495427952751648
Kyrgyz Republic,2024,3.0663093549015263,30.479538673079205,1.2347862951729387
Kyrgyz Republic,2025,2.66909955189827,30.479538673079205,1.2347862951729387
Kyrgyz Republic,2026,2.66909955189827,30.479538673079205,1.2347862951729387
Kyrgyz Republic,2027,2.66909955189827,30.479538673079205,1.2347862951729387
Kyrgyz Republic,2028,2.66909955189827,30.479538673079205,1.2347862951729387
Lao P.D.R.,2024,5.465770753740495,38.68738123224113,1.6354941000682643
Lao P.D.R.,2025,5.943698658706054,38.68738123224113,1.6354941000682643
Lao P.D.R.,2026,5.943698658706054,38.68738123224113,1.6354941000682643
Lao P.D.R.,2027,5.943698658706054,38.68738123224113,1.6354941000682643
Lao P.D.R.,2028,5.943698658706054,38.68738123224113,1.6354941000682643
Lebanon,2024,3.519791666666668,7.613798502355536,0.2951271647998173
Lebanon,2025,3.519791666666668,7.613798502355536,0.2951271647998173
Lebanon,2026,3.519791666666668,7.613798502355536,0.2951271647998173
Lebanon,2027,3.519791666666668,7.613798502355536,0.2951271647998173
Lebanon,2028,3.519791666666668,7.613798502355536,0.2951271647998173
Macao SAR,2024,5.323404255319147,49.83994160684597,7.107134181215756
Macao SAR,2025,5.323404255319147,49.83994160684597,7.107134181215756
Macao SAR,2026,5.323404255319147,49.83994160684597,7.107134181215756
Macao SAR,2027,5.323404255319147,49.83994160684597,7.107134181215756
Macao SAR,2028,5.323404255319147,49.83994160684597,7.107134181215756
Malaysia,2024,5.0740767550974635,26.84505418652191,1.160679796099978
Malaysia,2025,5.390597016019928,26.84505418652191,1.160679796099978
Malaysia,2026,5.390597016019928,26.84505418652191,1.160679796099978
Malaysia,2027,5.390597016019928,26.84505418652191,1.160679796099978
Malaysia,2028,5.390597016019928,26.84505418652191,1.160679796099978
Maldives,2024,9.209820593933435,34.22310019695732,2.1253620603677734
Maldives,2025,7.266326056349235,34.22310019695732,2.1253620603677734
Maldives,2026,7.266326056349235,34.22310019695732,2.1253620603677734
Maldives,2027,7.266326056349235,34.22310019695732,2.1253620603677734
Maldives,2028,7.266326056349235,34.22310019695732,2.1253620603677734
Mongolia,2024,4.895356127647238,11.395716294620247,0.7238522595613013
Mongolia,2025,4.7777577177326975,11.395716294620247,0.7238522595613013
Mongolia,2026,4.731190685366232,11.395716294620247,0.7238522595613013
Mongolia,2027,4.712750907949213,11.395716294620247,0.7238522595613013
Mongolia,2028,4.705449059969868,11.395716294620247,0.7238522595613013
Myanmar,2024,4.063313482611491,64.51100059672548,1.7882818001942478
Myanmar,2025,4.4473240456375605,64.51100059672548,1.7882818001942478
Myanmar,2026,4.669638405862875,64.51100059672548,1.7882818001942478
Myanmar,2027,4.798342351850516,64.51100059672548,1.7882818001942478
Myanmar,2028,4.872852634029325,64.51100059672548,1.7882818001942478
Nepal,2024,3.725375541911351,15.964141627413092,0.8693651306732111
Nepal,2025,4.51272526392702,15.964141627413092,0.8693651306732111
Nepal,2026,4.51272526392702,15.964141627413092,0.8693651306732111
Nepal,2027,4.51272526392702,15.964141627413092,0.8693651306732111
Nepal,2028,4.51272526392702,15.964141627413092,0.8693651306732111
Oman,2024,2.7057590320234013,18.62580856817823,1.1465793092495749
Oman,2025,2.7536854472713914,18.62580856817823,1.1465793092495749
Oman,2026,2.7754040772037696,18.62580856817823,1.1465793092495749
Oman,2027,2.7852462254992103,18.62580856817823,1.1465793092495749
Oman,2028,2.789706354124775,18.62580856817823,1.1465793092495749
Pakistan,2024,4.19618424551645,13.851055949201116,0.6607641584038078
Pakistan,2025,4.19618424551645,13.851055949201116,0.6607641584038078
Pakistan,2026,4.19618424551645,13.851055949201116,0.6607641584038078
Pakistan,2027,4.19618424551645,13.851055949201116,0.6607641584038078
Pakistan,2028,4.19618424551645,13.851055949201116,0.6607641584038078
Philippines,2024,6.4,4.015193682401333,0.31622776601683833
Philippines,2025,6.4,4.015193682401333,0.31622776601683833
Philippines,2026,6.4,4.015193682401333,0.31622776601683833
Philippines,2027,6.4,4.015193682401333,0.31622776601683833
Philippines,2028,6.4,4.015193682401333,0.31622776601683833
Qatar,2024,2.5109536732620303,37.40765406532779,1.2449725220448906
Qatar,2025,2.335370608108262,37.40765406532779,1.2449725220448906
Qatar,2026,2.172065512515255,37.40765406532779,1.2449725220448906
Qatar,2027,2.0201798268240636,37.40765406532779,1.2449725220448906
Qatar,2028,1.8789150277428572,37.40765406532779,1.2449725220448906
Saudi Arabia,2024,2.3714285714285714,21.46236559139785,0.6498037380310948
Saudi Arabia,2025,2.3714285714285714,21.46236559139785,0.6498037380310948
Saudi Arabia,2026,2.3714285714285714,21.46236559139785,0.6498037380310948
Saudi Arabia,2027,2.3714285714285714,21.46236559139785,0.6498037380310948
Saudi Arabia,2028,2.3714285714285714,21.46236559139785,0.6498037380310948
Singapore,2024,2.7918402075014273,14.844535736804954,0.3869503315338458
Singapore,2025,2.8103087136930496,14.844535736804954,0.3869503315338458
Singapore,2026,2.7410551095477924,14.844535736804954,0.3869503315338458
Singapore,2027,2.732216004878076,14.844535736804954,0.3869503315338458
Singapore,2028,2.748367844337145,14.844535736804954,0.3869503315338458
Sri Lanka,2024,3.4728367484027345,50.27658081523714,1.1814823201711573
Sri Lanka,2025,3.648776656704941,50.27658081523714,1.1814823201711573
Sri Lanka,2026,3.783916139345324,50.27658081523714,1.1814823201711573
Sri Lanka,2027,3.8877168059737333,50.27658081523714,1.1814823201711573
Sri Lanka,2028,3.9674461210634933,50.27658081523714,1.1814823201711573
Syria,2024,3.9734693877551015,21.48450094323442,0.7144926813854956
Syria,2025,3.9734693877551015,21.48450094323442,0.7144926813854956
Syria,2026,3.9734693877551015,21.48450094323442,0.7144926813854956
Syria,2027,3.9734693877551015,21.48450094323442,0.7144926813854956
Syria,2028,3.9734693877551015,21.48450094323442,0.7144926813854956
Taiwan Province of China,2024,2.5970737355587525,6.1733238863576245,0.183330826878212
Taiwan Province of China,2025,2.551481655203189,6.1733238863576245,0.183330826878212
Taiwan Province of China,2026,2.5009392770194054,6.1733238863576245,0.183330826878212
Taiwan Province of China,2027,2.5267648766693678,6.1733238863576245,0.183330826878212
Taiwan Province of China,2028,2.536457622201375,6.1733238863576245,0.183330826878212
Tajikistan,2024,3.95568055195339,5.864738825976872,0.2897133650081729
Tajikistan,2025,3.8801015482862407,5.864738825976872,0.2897133650081729
Tajikistan,2026,3.834334174782435,5.864738825976872,0.2897133650081729
Tajikistan,2027,3.806619434235421,5.864738825976872,0.2897133650081729
Tajikistan,2028,3.7898365868752935,5.864738825976872,0.2897133650081729
Thailand,2024,3.111810905422289,4.910116815180038,0.2397507390721414
Thailand,2025,3.1176710455889096,4.910116815180038,0.2397507390721414
Thailand,2026,3.1205786332415575,4.910116815180038,0.2397507390721414
Thailand,2027,3.122021272106407,4.910116815180038,0.2397507390721414
Thailand,2028,3.1227370568541093,4.910116815180038,0.2397507390721414
Timor-Leste,2024,3.1714285714285713,4.350230414746537,0.14026214524152644
Timor-Leste,2025,3.1714285714285713,4.350230414746537,0.14026214524152644
Timor-Leste,2026,3.1714285714285713,4.350230414746537,0.14026214524152644
Timor-Leste,2027,3.1714285714285713,4.350230414746537,0.14026214524152644
Timor-Leste,2028,3.1714285714285713,4.350230414746537,0.14026214524152644
Turkmenistan,2024,1.858610064269952,44.77153305042599,1.1363832877877442
Turkmenistan,2025,1.5019266830458935,44.77153305042599,1.1363832877877442
Turkmenistan,2026,1.2136939343063844,44.77153305042599,1.1363832877877442
Turkmenistan,2027,0.9807755483674957,44.77153305042599,1.1363832877877442
Turkmenistan,2028,0.7925562195590038,44.77153305042599,1.1363832877877442
Türkiye Republic of,2024,4.451020408163265,43.42176870748297,1.3524848712451847
Türkiye Republic of,2025,4.451020408163265,43.42176870748297,1.3524848712451847
Türkiye Republic of,2026,4.451020408163265,43.42176870748297,1.3524848712451847
Türkiye Republic of,2027,4.451020408163265,43.42176870748297,1.3524848712451847
Türkiye Republic of,2028,4.451020408163265,43.42176870748297,1.3524848712451847
United Arab Emirates,2024,3.575510204081632,13.49970011004659,0.5874084862308007
United Arab Emirates,2025,3.575510204081632,13.49970011004659,0.5874084862308007
United Arab Emirates,2026,3.575510204081632,13.49970011004659,0.5874084862308007
United Arab Emirates,2027,3.575510204081632,13.49970011004659,0.5874084862308007
United Arab Emirates,2028,3.575510204081632,13.49970011004659,0.5874084862308007
Uzbekistan,2024,5.5,0.0,0.0
Uzbekistan,2025,5.5,0.0,0.0
Uzbekistan,2026,5.5,0.0,0.0
Uzbekistan,2027,5.5,0.0,0.0
Uzbekistan,2028,5.5,0.0,0.0
Vietnam,2024,7.534119973125969,7.365827699630584,0.5048323124301465
Vietnam,2025,6.260061784198544,7.365827699630584,0.5048323124301465
Vietnam,2026,6.260061784198544,7.365827699630584,0.5048323124301465
Vietnam,2027,6.260061784198544,7.365827699630584,0.5048323124301465
Vietnam,2028,6.260061784198544,7.365827699630584,0.5048323124301465
West Bank and Gaza,2024,3.9221969946906254,83.24951829219174,1.8677065432325923
West Bank and Gaza,2025,4.614825012375624,83.24951829219174,1.8677065432325923
West Bank and Gaza,2026,4.486520816125014,83.24951829219174,1.8677065432325923
West Bank and Gaza,2027,3.7600160561175895,83.24951829219174,1.8677065432325923
West Bank and Gaza,2028,3.3273963394853086,83.24951829219174,1.8677065432325923
Yemen,2024,3.3072594732761296,64.90691890412647,3.6889518227315063
Yemen,2025,2.4916914752684165,64.90691890412647,3.6889518227315063
Yemen,2026,2.1883490819173446,64.90691890412647,3.6889518227315063
Yemen,2027,2.0755239001682613,64.90691890412647,3.6889518227315063
Yemen,2028,2.0335596976178403,64.90691890412647,3.6889518227315063
Albania,2024,3.0195521048029836,14.102100079958952,0.48785242421735053
Albania,2025,2.8728973256676427,14.102100079958952,0.48785242421735053
Albania,2026,2.8728973256676427,14.102100079958952,0.48785242421735053
Albania,2027,2.8728973256676427,14.102100079958952,0.48785242421735053
Albania,2028,2.8728973256676427,14.102100079958952,0.48785242421735053
Andorra,2024,1.5169737179851848,1.5497101748297275,0.02347991750296058
Andorra,2025,1.5228642160046806,1.5497101748297275,0.02347991750296058
Andorra,2026,1.5249084332438247,1.5497101748297275,0.02347991750296058
Andorra,2027,1.5256178510395668,1.5497101748297275,0.02347991750296058
Andorra,2028,1.5258640448389726,1.5497101748297275,0.02347991750296058
Austria,2024,1.818367346938775,20.295318127250873,0.35937958479048493
Austria,2025,1.818367346938775,20.295318127250873,0.35937958479048493
Austria,2026,1.818367346938775,20.295318127250873,0.35937958479048493
Austria,2027,1.818367346938775,20.295318127250873,0.35937958479048493
Austria,2028,1.818367346938775,20.295318127250873,0.35937958479048493
Belarus,2024,0.5016642339185643,67.15067246213728,0.5636142187115205
Belarus,2025,0.35952429084728577,67.15067246213728,0.5636142187115205
Belarus,2026,0.2576578256328839,67.15067246213728,0.5636142187115205
Belarus,2027,0.18465387958463392,67.15067246213728,0.5636142187115205
Belarus,2028,0.13233463863130887,67.15067246213728,0.5636142187115205
Belgium,2024,1.7959183673469385,50.07849293563578,0.5992651337608762
Belgium,2025,1.7959183673469385,50.07849293563578,0.5992651337608762
Belgium,2026,1.7959183673469385,50.07849293563578,0.5992651337608762
Belgium,2027,1.7959183673469385,50.07849293563578,0.5992651337608762
Belgium,2028,1.7959183673469385,50.07849293563578,0.5992651337608762
Bosnia and Herzegovina,2024,3.1236812790945563,7.963337182050596,0.24856849468614886
Bosnia and Herzegovina,2025,3.2047428412824885,7.963337182050596,0.24856849468614886
Bosnia and Herzegovina,2026,3.257871147461506,7.963337182050596,0.24856849468614886
Bosnia and Herzegovina,2027,3.2926918052586926,7.963337182050596,0.24856849468614886
Bosnia and Herzegovina,2028,3.315513504210346,7.963337182050596,0.24856849468614886
Bulgaria,2024,1.9269321011610874,60.030829909378895,1.7834831489933551
Bulgaria,2025,1.6076089830652436,60.030829909378895,1.7834831489933551
Bulgaria,2026,1.1349696215640908,60.030829909378895,1.7834831489933551
Bulgaria,2027,0.8012869145687379,60.030829909378895,1.7834831489933551
Bulgaria,2028,0.5657074050795035,60.030829909378895,1.7834831489933551
Croatia,2024,1.930612244897959,28.016493858674814,0.7974694462491702
Croatia,2025,1.930612244897959,28.016493858674814,0.7974694462491702
Croatia,2026,1.930612244897959,28.016493858674814,0.7974694462491702
Croatia,2027,1.930612244897959,28.016493858674814,0.7974694462491702
Croatia,2028,1.930612244897959,28.016493858674814,0.7974694462491702
Cyprus,2024,3.030503343341309,4.098219716596123,0.1363482862230212
Cyprus,2025,3.030503343341309,4.098219716596123,0.1363482862230212
Cyprus,2026,3.030503343341309,4.098219716596123,0.1363482862230212
Cyprus,2027,3.030503343341309,4.098219716596123,0.1363482862230212
Cyprus,2028,3.030503343341309,4.098219716596123,0.1363482862230212
Czech Republic,2024,2.013717919278462,26.7457011991908,0.9113164415655034
Czech Republic,2025,1.876955833792012,26.7457011991908,0.9113164415655034
Czech Republic,2026,1.8384928330603163,26.7457011991908,0.9113164415655034
Czech Republic,2027,1.8276754897884269,26.7457011991908,0.9113164415655034
Czech Republic,2028,1.8246332176506352,26.7457011991908,0.9113164415655034
Denmark,2024,1.678894279748807,26.770368019129958,0.3747212323118646
Denmark,2025,1.7167036236028335,26.770368019129958,0.3747212323118646
Denmark,2026,1.7167036236028335,26.770368019129958,0.3747212323118646
Denmark,2027,1.7167036236028335,26.770368019129958,0.3747212323118646
Denmark,2028,1.7167036236028335,26.770368019129958,0.3747212323118646
Estonia,2024,2.818264517842748,18.26584260131801,0.6375199413584313
Estonia,2025,2.6798439734266246,18.26584260131801,0.6375199413584313
Estonia,2026,2.6798439734266246,18.26584260131801,0.6375199413584313
Estonia,2027,2.6798439734266246,18.26584260131801,0.6375199413584313
Estonia,2028,2.6798439734266246,18.26584260131801,0.6375199413584313
Finland,2024,1.739064329716,53.017250900686065,0.6871010962335569
Finland,2025,2.0098915050192474,53.017250900686065,0.6871010962335569
Finland,2026,2.0098915050192474,53.017250900686065,0.6871010962335569
Finland,2027,2.0098915050192474,53.017250900686065,0.6871010962335569
Finland,2028,2.0098915050192474,53.017250900686065,0.6871010962335569
France,2024,1.6999999999999997,14.905934708566281,0.24899799195977454
France,2025,1.6999999999999997,14.905934708566281,0.24899799195977454
France,2026,1.6999999999999997,14.905934708566281,0.24899799195977454
France,2027,1.6999999999999997,14.905934708566281,0.24899799195977454
France,2028,1.6999999999999997,14.905934708566281,0.24899799195977454
Germany,2024,1.546938775510204,29.37703566274995,0.39728566763428774
Germany,2025,1.546938775510204,29.37703566274995,0.39728566763428774
Germany,2026,1.546938775510204,29.37703566274995,0.39728566763428774
Germany,2027,1.546938775510204,29.37703566274995,0.39728566763428774
Germany,2028,1.546938775510204,29.37703566274995,0.39728566763428774
Greece,2024,0.5738747020435876,85.0868553148515,1.1518619248719655
Greece,2025,0.27444347803801367,85.0868553148515,1.1518619248719655
Greece,2026,0.1312468076557258,85.0868553148515,1.1518619248719655
Greece,2027,0.06276601886466808,85.0868553148515,1.1518619248719655
Greece,2028,0.03001652531201966,85.0868553148515,1.1518619248719655
Hungary,2024,2.4438879903869677,39.71133419197287,1.3921565032966057
Hungary,2025,2.059269647433215,39.71133419197287,1.3921565032966057
Hungary,2026,1.919198075109467,39.71133419197287,1.3921565032966057
Hungary,2027,1.868186349504882,39.71133419197287,1.3921565032966057
Hungary,2028,1.849608731605777,39.71133419197287,1.3921565032966057
Iceland,2024,2.637684444309853,23.132646613403946,0.5218696321556537
Iceland,2025,2.817840468479094,23.132646613403946,0.5218696321556537
Iceland,2026,2.817840468479094,23.132646613403946,0.5218696321556537
Iceland,2027,2.817840468479094,23.132646613403946,0.5218696321556537
Iceland,2028,2.817840468479094,23.132646613403946,0.5218696321556537
Ireland,2024,4.167443800906243,44.53358131869252,1.5426293048065347
Ireland,2025,4.641031499440464,44.53358131869252,1.5426293048065347
Ireland,2026,4.833148077582243,44.53358131869252,1.5426293048065347
Ireland,2027,4.911082491231797,44.53358131869252,1.5426293048065347
Ireland,2028,4.942697528776435,44.53358131869252,1.5426293048065347
Italy,2024,1.0959183673469388,15.478973407544835,0.17088104984023914
Italy,2025,1.0959183673469388,15.478973407544835,0.17088104984023914
Italy,2026,1.0959183673469388,15.478973407544835,0.17088104984023914
Italy,2027,1.0959183673469388,15.478973407544835,0.17088104984023914
Italy,2028,1.0959183673469388,15.478973407544835,0.17088104984023914
Kosovo,2024,3.7082126601599077,4.410486074476134,0.17827908239356974
Kosovo,2025,3.627481523301934,4.410486074476134,0.17827908239356974
Kosovo,2026,3.658783733519965,4.410486074476134,0.17827908239356974
Kosovo,2027,3.646646800947622,4.410486074476134,0.17827908239356974
Kosovo,2028,3.6513527029027735,4.410486074476134,0.17827908239356974
Latvia,2024,2.868660510287998,22.770303994098366,0.8618259421542515
Latvia,2025,2.594048024055845,22.770303994098366,0.8618259421542515
Latvia,2026,2.4521198989027915,22.770303994098366,0.8618259421542515
Latvia,2027,2.378767106442977,22.770303994098366,0.8618259421542515
Latvia,2028,2.340856141608839,22.770303994098366,0.8618259421542515
Lithuania,2024,2.5030946919738644,18.228900865269306,0.46246880401013923
Lithuania,2025,2.755690485166186,18.228900865269306,0.46246880401013923
Lithuania,2026,2.755690485166186,18.228900865269306,0.46246880401013923
Lithuania,2027,2.755690485166186,18.228900865269306,0.46246880401013923
Lithuania,2028,2.755690485166186,18.228900865269306,0.46246880401013923
Luxembourg,2024,2.356649457872394,10.30967333774974,0.3034727835278616
Luxembourg,2025,2.3733407562814084,10.30967333774974,0.3034727835278616
Luxembourg,2026,2.3782587105397934,10.30967333774974,0.3034727835278616
Luxembourg,2027,2.379707745449774,10.30967333774974,0.3034727835278616
Luxembourg,2028,2.3801346917083253,10.30967333774974,0.3034727835278616
Malta,2024,4.055102040816326,14.572724327826355,0.5174264319235576
Malta,2025,4.055102040816326,14.572724327826355,0.5174264319235576
Malta,2026,4.055102040816326,14.572724327826355,0.5174264319235576
Malta,2027,4.055102040816326,14.572724327826355,0.5174264319235576
Malta,2028,4.055102040816326,14.572724327826355,0.5174264319235576
Moldova,2024,3.405390027330292,87.04955755251034,4.723920638811434
Moldova,2025,-0.20861697477522034,87.04955755251034,4.723920638811434
Moldova,2026,-0.523798824266963,87.04955755251034,4.723920638811434
Moldova,2027,0.0,87.04955755251034,4.723920638811434
Moldova,2028,0.0,87.04955755251034,4.723920638811434
Montenegro,2024,2.2653061224489788,24.489795918367374,0.7346938775510212
Montenegro,2025,2.2653061224489788,24.489795918367374,0.7346938775510212
Montenegro,2026,2.2653061224489788,24.489795918367374,0.7346938775510212
Montenegro,2027,2.2653061224489788,24.489795918367374,0.7346938775510212
Montenegro,2028,2.2653061224489788,24.489795918367374,0.7346938775510212
Netherlands,2024,1.8977583299425531,34.28932751641579,0.5021217793839785
Netherlands,2025,1.9869681680781917,34.28932751641579,0.5021217793839785
Netherlands,2026,1.9869681680781917,34.28932751641579,0.5021217793839785
Netherlands,2027,1.9869681680781917,34.28932751641579,0.5021217793839785
Netherlands,2028,1.9869681680781917,34.28932751641579,0.5021217793839785
North Macedonia ,2024,2.3670075018317176,47.43594109674646,1.7920253367987293
North Macedonia ,2025,1.9755681372998346,47.43594109674646,1.7920253367987293
North Macedonia ,2026,1.840329134082387,47.43594109674646,1.7920253367987293
North Macedonia ,2027,1.7936051976353693,47.43594109674646,1.7920253367987293
North Macedonia ,2028,1.7774624711647018,47.43594109674646,1.7920253367987293
Norway,2024,1.8969975309011118,47.296410123460454,0.7633403681661024
Norway,2025,2.135353973283952,47.296410123460454,0.7633403681661024
Norway,2026,2.2496680092559105,47.296410123460454,0.7633403681661024
Norway,2027,2.3044921989843727,47.296410123460454,0.7633403681661024
Norway,2028,2.330785486189452,47.296410123460454,0.7633403681661024
Poland,2024,2.784844774985045,20.415694198483006,0.7104093118047339
Poland,2025,2.595650726561497,20.415694198483006,0.7104093118047339
Poland,2026,2.595650726561497,20.415694198483006,0.7104093118047339
Poland,2027,2.595650726561497,20.415694198483006,0.7104093118047339
Poland,2028,2.595650726561497,20.415694198483006,0.7104093118047339
Portugal,2024,2.0686448976593974,12.48690581264179,0.2547759655440613
Portugal,2025,2.1258048630131277,12.48690581264179,0.2547759655440613
Portugal,2026,2.145178479912219,12.48690581264179,0.2547759655440613
Portugal,2027,2.1517449120195513,12.48690581264179,0.2547759655440613
Portugal,2028,2.1539705176379957,12.48690581264179,0.2547759655440613
Romania,2024,2.8208383671882085,34.51253913869968,1.2757893849452702
Romania,2025,2.477975196698389,34.51253913869968,1.2757893849452702
Romania,2026,2.304886570958973,34.51253913869968,1.2757893849452702
Romania,2027,2.2175057294484697,34.51253913869968,1.2757893849452702
Romania,2028,2.1733930014718847,34.51253913869968,1.2757893849452702
Russian Federation,2024,0.4058220752795046,82.35438027368987,0.7446310376428829
Russian Federation,2025,0.23527365254880556,82.35438027368987,0.7446310376428829
Russian Federation,2026,0.13639891705135054,82.35438027368987,0.7446310376428829
Russian Federation,2027,0.07907670226236584,82.35438027368987,0.7446310376428829
Russian Federation,2028,0.04584438774053257,82.35438027368987,0.7446310376428829
San Marino,2024,0.6657584482735176,76.67295836278709,1.0331058448724757
San Marino,2025,0.34094947034427847,76.67295836278709,1.0331058448724757
San Marino,2026,0.17460768485852657,76.67295836278709,1.0331058448724757
San Marino,2027,0.08942041640618771,76.67295836278709,1.0331058448724757
San Marino,2028,0.04579415205427333,76.67295836278709,1.0331058448724757
Serbia,2024,2.373469387755102,38.02607709750568,1.6032141809879252
Serbia,2025,2.373469387755102,38.02607709750568,1.6032141809879252
Serbia,2026,2.373469387755102,38.02607709750568,1.6032141809879252
Serbia,2027,2.373469387755102,38.02607709750568,1.6032141809879252
Serbia,2028,2.373469387755102,38.02607709750568,1.6032141809879252
Slovak Republic,2024,2.651190573517699,4.608538330883006,0.1527056565126369
Slovak Republic,2025,2.632496302861634,4.608538330883006,0.1527056565126369
Slovak Republic,2026,2.625336297498963,4.608538330883006,0.1527056565126369
Slovak Republic,2027,2.6225939772588927,4.608538330883006,0.1527056565126369
Slovak Republic,2028,2.62154365398144,4.608538330883006,0.1527056565126369
Slovenia,2024,2.4362135825778646,20.887595995944913,0.6037672665720925
Slovenia,2025,2.2765142661920312,20.887595995944913,0.6037672665720925
Slovenia,2026,2.2765142661920312,20.887595995944913,0.6037672665720925
Slovenia,2027,2.2765142661920312,20.887595995944913,0.6037672665720925
Slovenia,2028,2.2765142661920312,20.887595995944913,0.6037672665720925
Spain,2024,1.9761855538636226,15.885990324272537,0.3227477746670913
Spain,2025,2.0779723701845993,15.885990324272537,0.3227477746670913
Spain,2026,2.0779723701845993,15.885990324272537,0.3227477746670913
Spain,2027,2.0779723701845993,15.885990324272537,0.3227477746670913
Spain,2028,2.0779723701845993,15.885990324272537,0.3227477746670913
Sweden,2024,2.2734693877551018,28.67326462357518,0.588295528189812
Sweden,2025,2.2734693877551018,28.67326462357518,0.588295528189812
Sweden,2026,2.2734693877551018,28.67326462357518,0.588295528189812
Sweden,2027,2.2734693877551018,28.67326462357518,0.588295528189812
Sweden,2028,2.2734693877551018,28.67326462357518,0.588295528189812
Switzerland,2024,1.7734693877551018,20.000000000000004,0.3632756247101338
Switzerland,2025,1.7734693877551018,20.000000000000004,0.3632756247101338
Switzerland,2026,1.7734693877551018,20.000000000000004,0.3632756247101338
Switzerland,2027,1.7734693877551018,20.000000000000004,0.3632756247101338
Switzerland,2028,1.7734693877551018,20.000000000000004,0.3632756247101338
Ukraine,2024,0.9573411370418056,85.58486573956603,2.062986973799046
Ukraine,2025,0.39847915333586836,85.58486573956603,2.062986973799046
Ukraine,2026,0.16586108075739836,85.58486573956603,2.062986973799046
Ukraine,2027,0.06903723288837847,85.58486573956603,2.062986973799046
Ukraine,2028,0.028735731752860948,85.58486573956603,2.062986973799046
United Kingdom,2024,1.7918367346938775,25.610801896516183,0.42945778120699324
United Kingdom,2025,1.7918367346938775,25.610801896516183,0.42945778120699324
United Kingdom,2026,1.7918367346938775,25.610801896516183,0.42945778120699324
United Kingdom,2027,1.7918367346938775,25.610801896516183,0.42945778120699324
United Kingdom,2028,1.7918367346938775,25.610801896516183,0.42945778120699324
Algeria,2024,2.148396569659279,19.014960196962107,0.42401683196780965
Algeria,2025,2.264354454256775,19.014960196962107,0.42401683196780965
Algeria,2026,2.302949067899143,19.014960196962107,0.42401683196780965
Algeria,2027,2.315794629952763,19.014960196962107,0.42401683196780965
Algeria,2028,2.320070057244313,19.014960196962107,0.42401683196780965
Angola,2024,4.420509691160024,13.60668659150722,0.551974605164532
Angola,2025,4.545700439702321,13.60668659150722,0.551974605164532
Angola,2026,4.616775427101431,13.60668659150722,0.551974605164532
Angola,2027,4.6571270816174755,13.60668659150722,0.551974605164532
Angola,2028,4.680036069459273,13.60668659150722,0.551974605164532
Benin,2024,5.7039896176074505,4.600681194076745,0.2859750534373259
Benin,2025,5.7039896176074505,4.600681194076745,0.2859750534373259
Benin,2026,5.7039896176074505,4.600681194076745,0.2859750534373259
Benin,2027,5.7039896176074505,4.600681194076745,0.2859750534373259
Benin,2028,5.7039896176074505,4.600681194076745,0.2859750534373259
Botswana,2024,3.924428144557964,3.258282948106002,0.18105172738197298
Botswana,2025,3.924428144557964,3.258282948106002,0.18105172738197298
Botswana,2026,3.924428144557964,3.258282948106002,0.18105172738197298
Botswana,2027,3.924428144557964,3.258282948106002,0.18105172738197298
Botswana,2028,3.924428144557964,3.258282948106002,0.18105172738197298
Burkina Faso,2024,4.96734693877551,9.07768675641376,0.5970034850675839
Burkina Faso,2025,4.96734693877551,9.07768675641376,0.5970034850675839
Burkina Faso,2026,4.96734693877551,9.07768675641376,0.5970034850675839
Burkina Faso,2027,4.96734693877551,9.07768675641376,0.5970034850675839
Burkina Faso,2028,4.96734693877551,9.07768675641376,0.5970034850675839
Burundi,2024,4.028169822004267,45.59581461422412,2.663892184897656
Burundi,2025,3.482844159193357,45.59581461422412,2.663892184897656
Burundi,2026,2.9103523866370864,45.59581461422412,2.663892184897656
Burundi,2027,2.842741769840516,45.59581461422412,2.663892184897656
Burundi,2028,2.563694572839129,45.59581461422412,2.663892184897656
Cabo Verde,2024,5.077551020408164,7.477676521342294,0.40659597048584617
Cabo Verde,2025,5.077551020408164,7.477676521342294,0.40659597048584617
Cabo Verde,2026,5.077551020408164,7.477676521342294,0.40659597048584617
Cabo Verde,2027,5.077551020408164,7.477676521342294,0.40659597048584617
Cabo Verde,2028,5.077551020408164,7.477676521342294,0.40659597048584617
Cameroon,2024,4.485518801001909,8.040942061118619,0.4322525095036062
Cameroon,2025,4.326891886526726,8.040942061118619,0.4322525095036062
Cameroon,2026,4.209573920600297,8.040942061118619,0.4322525095036062
Cameroon,2027,4.122807401976072,8.040942061118619,0.4322525095036062
Cameroon,2028,4.058636252274335,8.040942061118619,0.4322525095036062
Central African Republic,2024,1.5959183673469386,56.50247063780899,2.0930829538176092
Central African Republic,2025,1.5959183673469386,56.50247063780899,2.0930829538176092
Central African Republic,2026,1.5959183673469386,56.50247063780899,2.0930829538176092
Central African Republic,2027,1.5959183673469386,56.50247063780899,2.0930829538176092
Central African Republic,2028,1.5959183673469386,56.50247063780899,2.0930829538176092
Chad,2024,4.1264072529713935,16.446855923502092,0.6161865238624613
Chad,2025,4.287692326981027,16.446855923502092,0.6161865238624613
Chad,2026,4.287692326981027,16.446855923502092,0.6161865238624613
Chad,2027,4.287692326981027,16.446855923502092,0.6161865238624613
Chad,2028,4.287692326981027,16.446855923502092,0.6161865238624613
Comoros,2024,2.3011877608823452,32.904332608610176,1.3571168398385232
Comoros,2025,3.033212109932284,32.904332608610176,1.3571168398385232
Comoros,2026,2.7510042978260216,32.904332608610176,1.3571168398385232
Comoros,2027,2.859800199652465,32.904332608610176,1.3571168398385232
Comoros,2028,2.817857532772031,32.904332608610176,1.3571168398385232
Congo Dem. Rep. of the,2024,6.5,2.9079392951210337,0.27568097504180444
Congo Dem. Rep. of the,2025,6.5,2.9079392951210337,0.27568097504180444
Congo Dem. Rep. of the,2026,6.5,2.9079392951210337,0.27568097504180444
Congo Dem. Rep. of the,2027,6.5,2.9079392951210337,0.27568097504180444
Congo Dem. Rep. of the,2028,6.5,2.9079392951210337,0.27568097504180444
Congo Republic of ,2024,3.420863077341064,17.593273987763574,0.7972781344680793
Congo Republic of ,2025,3.3004059848398795,17.593273987763574,0.7972781344680793
Congo Republic of ,2026,3.2753516141614902,17.593273987763574,0.7972781344680793
Congo Republic of ,2027,3.2701404516051302,17.593273987763574,0.7972781344680793
Congo Republic of ,2028,3.269056560273857,17.593273987763574,0.7972781344680793
Côte d'Ivoire,2024,5.857894611062622,7.632503546296751,0.5183888403464414
Côte d'Ivoire,2025,5.801459798167363,7.632503546296751,0.5183888403464414
Côte d'Ivoire,2026,5.779047642440275,7.632503546296751,0.5183888403464414
Côte d'Ivoire,2027,5.770147024212524,7.632503546296751,0.5183888403464414
Côte d'Ivoire,2028,5.7666122903921435,7.632503546296751,0.5183888403464414
Djibouti,2024,5.0,5.151515151515151,0.5
Djibouti,2025,5.0,5.151515151515151,0.5
Djibouti,2026,5.0,5.151515151515151,0.5
Djibouti,2027,5.0,5.151515151515151,0.5
Djibouti,2028,5.0,5.151515151515151,0.5
Egypt,2024,5.454773613879326,14.06602182838122,0.8804066698883353
Egypt,2025,5.126959202969749,14.06602182838122,0.8804066698883353
Egypt,2026,4.929862564333832,14.06602182838122,0.8804066698883353
Egypt,2027,4.81135927811835,14.06602182838122,0.8804066698883353
Egypt,2028,4.740109819268831,14.06602182838122,0.8804066698883353
Equatorial Guinea,2024,-1.756454254645307,142.6193482915834,4.264506284656028
Equatorial Guinea,2025,-1.756454254645307,142.6193482915834,4.264506284656028
Equatorial Guinea,2026,-1.756454254645307,142.6193482915834,4.264506284656028
Equatorial Guinea,2027,-1.756454254645307,142.6193482915834,4.264506284656028
Equatorial Guinea,2028,-1.756454254645307,142.6193482915834,4.264506284656028
Eritrea,2024,3.0754771122327407,4.937081488411332,0.14415750450101625
Eritrea,2025,3.0264836713029,4.937081488411332,0.14415750450101625
Eritrea,2026,3.0401627045603092,4.937081488411332,0.14415750450101625
Eritrea,2027,3.0363435004524524,4.937081488411332,0.14415750450101625
Eritrea,2028,3.03740982727124,4.937081488411332,0.14415750450101625
Eswatini,2024,3.219184868601855,38.045990646874,0.9507678240420848
Eswatini,2025,3.4238381129508175,38.045990646874,0.9507678240420848
Eswatini,2026,3.474965705790807,38.045990646874,0.9507678240420848
Eswatini,2027,3.487738680672918,38.045990646874,0.9507678240420848
Eswatini,2028,3.4909296951188673,38.045990646874,0.9507678240420848
Ethiopia,2024,6.23830130448748,3.3546493249375753,0.2641074590619972
Ethiopia,2025,6.575778874066853,3.3546493249375753,0.2641074590619972
Ethiopia,2026,6.533217701668378,3.3546493249375753,0.2641074590619972
Ethiopia,2027,6.533217701668378,3.3546493249375753,0.2641074590619972
Ethiopia,2028,6.533217701668378,3.3546493249375753,0.2641074590619972
Gabon,2024,1.7345053392879073,38.49848381900745,1.2603735652320258
Gabon,2025,1.7377897829324591,38.49848381900745,1.2603735652320258
Gabon,2026,2.2142775986888434,38.49848381900745,1.2603735652320258
Gabon,2027,2.2142775986888434,38.49848381900745,1.2603735652320258
Gabon,2028,2.2142775986888434,38.49848381900745,1.2603735652320258
Gambia The,2024,1.4261507268387739,42.757705034766396,2.742699520131741
Gambia The,2025,3.16709976950135,42.757705034766396,2.742699520131741
Gambia The,2026,3.5839627319661647,42.757705034766396,2.742699520131741
Gambia The,2027,3.3845450356441895,42.757705034766396,2.742699520131741
Gambia The,2028,3.4799418954928747,42.757705034766396,2.742699520131741
Ghana,2024,4.739755604877685,19.79280049664239,0.9212678606044711
Ghana,2025,4.595845650775534,19.79280049664239,0.9212678606044711
Ghana,2026,4.516266319662756,19.79280049664239,0.9212678606044711
Ghana,2027,4.472260538548672,19.79280049664239,0.9212678606044711
Ghana,2028,4.447926220273034,19.79280049664239,0.9212678606044711
Guinea,2024,5.0,8.211944001417686,0.5272570530585629
Guinea,2025,5.0,8.211944001417686,0.5272570530585629
Guinea,2026,5.0,8.211944001417686,0.5272570530585629
Guinea,2027,5.0,8.211944001417686,0.5272570530585629
Guinea,2028,5.0,8.211944001417686,0.5272570530585629
Guinea-Bissau,2024,2.114281893223912,37.851809878916384,1.943363426042164
Guinea-Bissau,2025,3.264997046849268,37.851809878916384,1.943363426042164
Guinea-Bissau,2026,3.264997046849268,37.851809878916384,1.943363426042164
Guinea-Bissau,2027,3.264997046849268,37.851809878916384,1.943363426042164
Guinea-Bissau,2028,3.264997046849268,37.851809878916384,1.943363426042164
Kenya,2024,4.4959732783586706,23.81469471435364,1.3227551367388617
Kenya,2025,4.183411875034868,23.81469471435364,1.3227551367388617
Kenya,2026,4.086109055556081,23.81469471435364,1.3227551367388617
Kenya,2027,4.055817923708579,23.81469471435364,1.3227551367388617
Kenya,2028,4.046388056480501,23.81469471435364,1.3227551367388617
Lesotho,2024,1.3773398007001527,25.29606486658192,0.6991629481946242
Lesotho,2025,1.3773398007001527,25.29606486658192,0.6991629481946242
Lesotho,2026,1.3773398007001527,25.29606486658192,0.6991629481946242
Lesotho,2027,1.3773398007001527,25.29606486658192,0.6991629481946242
Lesotho,2028,1.3773398007001527,25.29606486658192,0.6991629481946242
Liberia,2024,2.8887755102040815,48.73754907745056,2.7560181772355588
Liberia,2025,2.8887755102040815,48.73754907745056,2.7560181772355588
Liberia,2026,2.8887755102040815,48.73754907745056,2.7560181772355588
Liberia,2027,2.8887755102040815,48.73754907745056,2.7560181772355588
Liberia,2028,2.8887755102040815,48.73754907745056,2.7560181772355588
Libya,2024,0.0,100.0,6.348700654464659
Libya,2025,0.0,100.0,6.348700654464659
Libya,2026,0.0,100.0,6.348700654464659
Libya,2027,0.0,100.0,6.348700654464659
Libya,2028,0.0,100.0,6.348700654464659
Madagascar,2024,3.433626572456135,26.281495077787408,1.2306062667586606
Madagascar,2025,3.433626572456135,26.281495077787408,1.2306062667586606
Madagascar,2026,3.433626572456135,26.281495077787408,1.2306062667586606
Madagascar,2027,3.433626572456135,26.281495077787408,1.2306062667586606
Madagascar,2028,3.433626572456135,26.281495077787408,1.2306062667586606
Malawi,2024,3.565306122448979,15.588439069772269,0.7311017628131566
Malawi,2025,3.565306122448979,15.588439069772269,0.7311017628131566
Malawi,2026,3.565306122448979,15.588439069772269,0.7311017628131566
Malawi,2027,3.565306122448979,15.588439069772269,0.7311017628131566
Malawi,2028,3.565306122448979,15.588439069772269,0.7311017628131566
Mali,2024,3.9979591836734687,21.57314548460895,1.1074718781303872
Mali,2025,3.9979591836734687,21.57314548460895,1.1074718781303872
Mali,2026,3.9979591836734687,21.57314548460895,1.1074718781303872
Mali,2027,3.9979591836734687,21.57314548460895,1.1074718781303872
Mali,2028,3.9979591836734687,21.57314548460895,1.1074718781303872
Mauritania,2024,3.174489795918367,33.58948194662481,1.9918399234668354
Mauritania,2025,3.174489795918367,33.58948194662481,1.9918399234668354
Mauritania,2026,3.174489795918367,33.58948194662481,1.9918399234668354
Mauritania,2027,3.174489795918367,33.58948194662481,1.9918399234668354
Mauritania,2028,3.174489795918367,33.58948194662481,1.9918399234668354
Mauritius,2024,4.020408163265306,15.105533713855088,0.5667380376610917
Mauritius,2025,4.020408163265306,15.105533713855088,0.5667380376610917
Mauritius,2026,4.020408163265306,15.105533713855088,0.5667380376610917
Mauritius,2027,4.020408163265306,15.105533713855088,0.5667380376610917
Mauritius,2028,4.020408163265306,15.105533713855088,0.5667380376610917
Morocco,2024,3.6894986000924694,11.251491157304393,0.39136047960542525
Morocco,2025,3.522082086992306,11.251491157304393,0.39136047960542525
Morocco,2026,3.618898751562237,11.251491157304393,0.39136047960542525
Morocco,2027,3.5629098507968835,11.251491157304393,0.39136047960542525
Morocco,2028,3.595288130123459,11.251491157304393,0.39136047960542525
Mozambique,2024,9.543570411054958,41.82609184556287,5.99732923680687
Mozambique,2025,7.31084629400564,41.82609184556287,5.99732923680687
Mozambique,2026,6.3050704843436876,41.82609184556287,5.99732923680687
Mozambique,2027,5.8519983955994554,41.82609184556287,5.99732923680687
Mozambique,2028,5.647902894766069,41.82609184556287,5.99732923680687
Namibia,2024,2.753545352496848,7.653421846936023,0.20038445266340907
Namibia,2025,2.798355369013116,7.653421846936023,0.20038445266340907
Namibia,2026,2.8114325318678466,7.653421846936023,0.20038445266340907
Namibia,2027,2.815248914936285,7.653421846936023,0.20038445266340907
Namibia,2028,2.816362671787588,7.653421846936023,0.20038445266340907
Niger,2024,10.179072942001019,44.043086978058454,3.0337328083570516
Niger,2025,9.84086666850128,44.043086978058454,3.0337328083570516
Niger,2026,9.256997083161172,44.043086978058454,3.0337328083570516
Niger,2027,9.049496362841303,44.043086978058454,3.0337328083570516
Niger,2028,9.090362702534842,44.043086978058454,3.0337328083570516
Nigeria,2024,3.1634441687476467,11.059012303661216,0.3471727111175702
Nigeria,2025,3.2772425163766306,11.059012303661216,0.3471727111175702
Nigeria,2026,3.356474856216675,11.059012303661216,0.3471727111175702
Nigeria,2027,3.41164054014203,11.059012303661216,0.3471727111175702
Nigeria,2028,3.4500497640662005,11.059012303661216,0.3471727111175702
Rwanda,2024,5.94791666666667,15.301415171312257,1.2194791266265164
Rwanda,2025,5.94791666666667,15.301415171312257,1.2194791266265164
Rwanda,2026,5.94791666666667,15.301415171312257,1.2194791266265164
Rwanda,2027,5.94791666666667,15.301415171312257,1.2194791266265164
Rwanda,2028,5.94791666666667,15.301415171312257,1.2194791266265164
Senegal,2024,5.679113930520302,20.460959442068983,2.3003644765927613
Senegal,2025,5.679113930520302,20.460959442068983,2.3003644765927613
Senegal,2026,5.679113930520302,20.460959442068983,2.3003644765927613
Senegal,2027,5.679113930520302,20.460959442068983,2.3003644765927613
Senegal,2028,5.679113930520302,20.460959442068983,2.3003644765927613
Seychelles,2024,3.5827564980220266,4.676637284712518,0.2053564174693314
Seychelles,2025,3.581200789786641,4.676637284712518,0.2053564174693314
Seychelles,2026,3.581200789786641,4.676637284712518,0.2053564174693314
Seychelles,2027,3.581200789786641,4.676637284712518,0.2053564174693314
Seychelles,2028,3.581200789786641,4.676637284712518,0.2053564174693314
Sierra Leone,2024,1.66209938392584,93.07458590030902,4.4599645800467655
Sierra Leone,2025,0.0,93.07458590030902,4.4599645800467655
Sierra Leone,2026,0.0,93.07458590030902,4.4599645800467655
Sierra Leone,2027,0.0,93.07458590030902,4.4599645800467655
Sierra Leone,2028,0.0,93.07458590030902,4.4599645800467655
Somalia,2024,3.6161359228772665,14.036640464393349,0.7101421979436213
Somalia,2025,3.692578421837071,14.036640464393349,0.7101421979436213
Somalia,2026,3.483369251865341,14.036640464393349,0.7101421979436213
Somalia,2027,3.1548814703433004,14.036640464393349,0.7101421979436213
Somalia,2028,3.1548814703433004,14.036640464393349,0.7101421979436213
South Africa,2024,1.8889706999152975,32.874292976726345,0.5182312092931175
South Africa,2025,2.0211615677686168,32.874292976726345,0.5182312092931175
South Africa,2026,2.0211615677686168,32.874292976726345,0.5182312092931175
South Africa,2027,2.0211615677686168,32.874292976726345,0.5182312092931175
South Africa,2028,2.0211615677686168,32.874292976726345,0.5182312092931175
South Sudan Republic of,2024,3.4751156164142247,29.783971326237758,1.4330878400220821
South Sudan Republic of,2025,4.134540689007508,29.783971326237758,1.4330878400220821
South Sudan Republic of,2026,2.5691614264156666,29.783971326237758,1.4330878400220821
South Sudan Republic of,2027,2.403979378169754,29.783971326237758,1.4330878400220821
South Sudan Republic of,2028,3.1955838201953988,29.783971326237758,1.4330878400220821
Sudan,2024,2.8121952455700563,4.386889203520666,0.12939025837171128
Sudan,2025,2.8666570008596572,4.386889203520666,0.12939025837171128
Sudan,2026,2.8666570008596572,4.386889203520666,0.12939025837171128
Sudan,2027,2.8666570008596572,4.386889203520666,0.12939025837171128
Sudan,2028,2.8666570008596572,4.386889203520666,0.12939025837171128
São Tomé and Príncipe,2024,3.5957011571547426,11.48479183201995,0.5137102985615729
São Tomé and Príncipe,2025,3.633833924930187,11.48479183201995,0.5137102985615729
São Tomé and Príncipe,2026,3.6677487281738803,11.48479183201995,0.5137102985615729
São Tomé and Príncipe,2027,3.6054352877809697,11.48479183201995,0.5137102985615729
São Tomé and Príncipe,2028,3.646466772055801,11.48479183201995,0.5137102985615729
Tanzania,2024,6.727491303058966,6.33008429965809,0.4520282417068811
Tanzania,2025,6.5793438716816075,6.33008429965809,0.4520282417068811
Tanzania,2026,6.498804565339916,6.33008429965809,0.4520282417068811
Tanzania,2027,6.455019939405509,6.33008429965809,0.4520282417068811
Tanzania,2028,6.431216736282768,6.33008429965809,0.4520282417068811
Togo,2024,4.756969429508946,13.509646736200976,0.7430305704910536
Togo,2025,4.756969429508946,13.509646736200976,0.7430305704910536
Togo,2026,4.756969429508946,13.509646736200976,0.7430305704910536
Togo,2027,4.756969429508946,13.509646736200976,0.7430305704910536
Togo,2028,4.756969429508946,13.509646736200976,0.7430305704910536
Tunisia,2024,2.0272320636116703,16.928901588113256,0.4636334051804441
Tunisia,2025,2.0272320636116703,16.928901588113256,0.4636334051804441
Tunisia,2026,2.0272320636116703,16.928901588113256,0.4636334051804441
Tunisia,2027,2.0272320636116703,16.928901588113256,0.4636334051804441
Tunisia,2028,2.0272320636116703,16.928901588113256,0.4636334051804441
Uganda,2024,5.722340433035699,16.37039565210196,1.3159463937538805
Uganda,2025,5.522278387675577,16.37039565210196,1.3159463937538805
Uganda,2026,5.452990481298448,16.37039565210196,1.3159463937538805
Uganda,2027,5.428993855844159,16.37039565210196,1.3159463937538805
Uganda,2028,5.420683054388286,16.37039565210196,1.3159463937538805
Zambia,2024,4.307702872795855,14.224187925931513,0.7820802462569685
Zambia,2025,4.181505079760868,14.224187925931513,0.7820802462569685
Zambia,2026,4.074918726669677,14.224187925931513,0.7820802462569685
Zambia,2027,3.9848961486826715,14.224187925931513,0.7820802462569685
Zambia,2028,3.9088632953914724,14.224187925931513,0.7820802462569685
Zimbabwe,2024,1.5538134944821878,76.16306442126024,2.231032437768843
Zimbabwe,2025,0.8325297847017059,76.16306442126024,2.231032437768843
Zimbabwe,2026,0.44606759104408994,76.16306442126024,2.231032437768843
Zimbabwe,2027,0.2390020146260237,76.16306442126024,2.231032437768843
Zimbabwe,2028,0.12805674328770508,76.16306442126024,2.231032437768843
Antigua and Barbuda,2024,3.2362408222017254,26.7519613959238,1.1493556892149086
Antigua and Barbuda,2025,3.3866150331413922,26.7519613959238,1.1493556892149086
Antigua and Barbuda,2026,3.3866150331413922,26.7519613959238,1.1493556892149086
Antigua and Barbuda,2027,3.3866150331413922,26.7519613959238,1.1493556892149086
Antigua and Barbuda,2028,3.3866150331413922,26.7519613959238,1.1493556892149086
Argentina,2024,1.8615758796735054,8.138000960662751,0.1632142237917878
Argentina,2025,1.831156006065055,8.138000960662751,0.1632142237917878
Argentina,2026,1.831156006065055,8.138000960662751,0.1632142237917878
Argentina,2027,1.831156006065055,8.138000960662751,0.1632142237917878
Argentina,2028,1.831156006065055,8.138000960662751,0.1632142237917878
Aruba,2024,3.25,185.6060606060606,2.1105686437545685
Aruba,2025,3.25,185.6060606060606,2.1105686437545685
Aruba,2026,3.25,185.6060606060606,2.1105686437545685
Aruba,2027,3.25,185.6060606060606,2.1105686437545685
Aruba,2028,3.25,185.6060606060606,2.1105686437545685
Bahamas The,2024,1.8469387755102038,15.946712018140568,0.27014581035151886
Bahamas The,2025,1.8469387755102038,15.946712018140568,0.27014581035151886
Bahamas The,2026,1.8469387755102038,15.946712018140568,0.27014581035151886
Bahamas The,2027,1.8469387755102038,15.946712018140568,0.27014581035151886
Bahamas The,2028,1.8469387755102038,15.946712018140568,0.27014581035151886
Barbados,2024,1.380612314234658,54.91359130677448,1.592165947074472
Barbados,2025,1.0604890177594413,54.91359130677448,1.592165947074472
Barbados,2026,1.0604890177594413,54.91359130677448,1.592165947074472
Barbados,2027,1.0604890177594413,54.91359130677448,1.592165947074472
Barbados,2028,1.0604890177594413,54.91359130677448,1.592165947074472
Belize,2024,3.9029238077098456,119.28108502020804,2.3977990348113254
Belize,2025,4.50629617357774,119.28108502020804,2.3977990348113254
Belize,2026,4.50629617357774,119.28108502020804,2.3977990348113254
Belize,2027,4.50629617357774,119.28108502020804,2.3977990348113254
Belize,2028,4.50629617357774,119.28108502020804,2.3977990348113254
Bolivia,2024,2.3565543256169175,11.9604904886158,0.27473694867805065
Bolivia,2025,2.387827603682155,11.9604904886158,0.27473694867805065
Bolivia,2026,2.413246424766907,11.9604904886158,0.27473694867805065
Bolivia,2027,2.4339067618121883,11.9604904886158,0.27473694867805065
Bolivia,2028,2.450699418143551,11.9604904886158,0.27473694867805065
Brazil,2024,2.251020408163265,21.239169351951293,0.41863605109168006
Brazil,2025,2.251020408163265,21.239169351951293,0.41863605109168006
Brazil,2026,2.251020408163265,21.239169351951293,0.41863605109168006
Brazil,2027,2.251020408163265,21.239169351951293,0.41863605109168006
Brazil,2028,2.251020408163265,21.239169351951293,0.41863605109168006
Canada,2024,2.2408163265306125,26.561238849606838,0.5003189320183113
Canada,2025,2.2408163265306125,26.561238849606838,0.5003189320183113
Canada,2026,2.2408163265306125,26.561238849606838,0.5003189320183113
Canada,2027,2.2408163265306125,26.561238849606838,0.5003189320183113
Canada,2028,2.2408163265306125,26.561238849606838,0.5003189320183113
Chile,2024,3.597502805672781,71.52091099498502,1.5827421654664406
Chile,2025,3.8722837519715014,71.52091099498502,1.5827421654664406
Chile,2026,3.8722837519715014,71.52091099498502,1.5827421654664406
Chile,2027,3.8722837519715014,71.52091099498502,1.5827421654664406
Chile,2028,3.8722837519715014,71.52091099498502,1.5827421654664406
Colombia,2024,3.387755102040816,20.61995562125196,0.7034803703043758
Colombia,2025,3.387755102040816,20.61995562125196,0.7034803703043758
Colombia,2026,3.387755102040816,20.61995562125196,0.7034803703043758
Colombia,2027,3.387755102040816,20.61995562125196,0.7034803703043758
Colombia,2028,3.387755102040816,20.61995562125196,0.7034803703043758
Costa Rica,2024,3.5488036309538655,12.317994158178514,0.3987873499489063
Costa Rica,2025,3.6330419033107253,12.317994158178514,0.3987873499489063
Costa Rica,2026,3.6330419033107253,12.317994158178514,0.3987873499489063
Costa Rica,2027,3.6330419033107253,12.317994158178514,0.3987873499489063
Costa Rica,2028,3.6330419033107253,12.317994158178514,0.3987873499489063
Dominica,2024,2.640816326530612,17.794809825629095,1.183523213545577
Dominica,2025,2.640816326530612,17.794809825629095,1.183523213545577
Dominica,2026,2.640816326530612,17.794809825629095,1.183523213545577
Dominica,2027,2.640816326530612,17.794809825629095,1.183523213545577
Dominica,2028,2.640816326530612,17.794809825629095,1.183523213545577
Dominican Republic,2024,4.63469387755102,7.306122448979605,0.3653061224489802
Dominican Republic,2025,4.63469387755102,7.306122448979605,0.3653061224489802
Dominican Republic,2026,4.63469387755102,7.306122448979605,0.3653061224489802
Dominican Republic,2027,4.63469387755102,7.306122448979605,0.3653061224489802
Dominican Republic,2028,4.63469387755102,7.306122448979605,0.3653061224489802
Ecuador,2024,2.6979591836734693,3.6443148688046607,0.1020408163265305
Ecuador,2025,2.6979591836734693,3.6443148688046607,0.1020408163265305
Ecuador,2026,2.6979591836734693,3.6443148688046607,0.1020408163265305
Ecuador,2027,2.6979591836734693,3.6443148688046607,0.1020408163265305
Ecuador,2028,2.6979591836734693,3.6443148688046607,0.1020408163265305
El Salvador,2024,1.6760399332492382,29.47946055925178,0.6559779950073599
El Salvador,2025,1.5429768514207218,29.47946055925178,0.6559779950073599
El Salvador,2026,1.4204778279982468,29.47946055925178,0.6559779950073599
El Salvador,2027,1.307704168067546,29.47946055925178,0.6559779950073599
El Salvador,2028,1.2038837618402753,29.47946055925178,0.6559779950073599
Grenada,2024,3.318367346938775,13.522511792173312,0.49833458582920903
Grenada,2025,3.318367346938775,13.522511792173312,0.49833458582920903
Grenada,2026,3.318367346938775,13.522511792173312,0.49833458582920903
Grenada,2027,3.318367346938775,13.522511792173312,0.49833458582920903
Grenada,2028,3.318367346938775,13.522511792173312,0.49833458582920903
Guatemala,2024,3.3603666645626875,14.824064000207565,0.6104843835643409
Guatemala,2025,3.1604000389666256,14.824064000207565,0.6104843835643409
Guatemala,2026,3.0863003703094423,14.824064000207565,0.6104843835643409
Guatemala,2027,3.0588419837975054,14.824064000207565,0.6104843835643409
Guatemala,2028,3.0486669991652926,14.824064000207565,0.6104843835643409
Guyana,2024,26.111174041230207,211.31307901554828,13.615936954491689
Guyana,2025,-3.59475159582248,211.31307901554828,13.615936954491689
Guyana,2026,26.02268717461946,211.31307901554828,13.615936954491689
Guyana,2027,21.952511056472225,211.31307901554828,13.615936954491689
Guyana,2028,10.373569739704646,211.31307901554828,13.615936954491689
Haiti,2024,0.893877551020408,37.428571428571445,0.5591509002760051
Haiti,2025,0.893877551020408,37.428571428571445,0.5591509002760051
Haiti,2026,0.893877551020408,37.428571428571445,0.5591509002760051
Haiti,2027,0.893877551020408,37.428571428571445,0.5591509002760051
Haiti,2028,0.893877551020408,37.428571428571445,0.5591509002760051
Honduras,2024,3.3897959183673465,10.155809992544699,0.4217335952029225
Honduras,2025,3.3897959183673465,10.155809992544699,0.4217335952029225
Honduras,2026,3.3897959183673465,10.155809992544699,0.4217335952029225
Honduras,2027,3.3897959183673465,10.155809992544699,0.4217335952029225
Honduras,2028,3.3897959183673465,10.155809992544699,0.4217335952029225
Jamaica,2024,1.2448979591836733,26.221488595438192,0.4807471971371082
Jamaica,2025,1.2448979591836733,26.221488595438192,0.4807471971371082
Jamaica,2026,1.2448979591836733,26.221488595438192,0.4807471971371082
Jamaica,2027,1.2448979591836733,26.221488595438192,0.4807471971371082
Jamaica,2028,1.2448979591836733,26.221488595438192,0.4807471971371082
Mexico,2024,2.2693877551020405,27.901897601145702,0.4990995640589308
Mexico,2025,2.2693877551020405,27.901897601145702,0.4990995640589308
Mexico,2026,2.2693877551020405,27.901897601145702,0.4990995640589308
Mexico,2027,2.2693877551020405,27.901897601145702,0.4990995640589308
Mexico,2028,2.2693877551020405,27.901897601145702,0.4990995640589308
Nicaragua,2024,2.905231648570836,23.990112790281465,0.8652383895666709
Nicaragua,2025,2.657990263500863,23.990112790281465,0.8652383895666709
Nicaragua,2026,2.555213607102732,23.990112790281465,0.8652383895666709
Nicaragua,2027,2.512490010899814,23.990112790281465,0.8652383895666709
Nicaragua,2028,2.494730086258569,23.990112790281465,0.8652383895666709
Panama,2024,4.559183673469387,13.979591836734674,0.5591836734693869
Panama,2025,4.559183673469387,13.979591836734674,0.5591836734693869
Panama,2026,4.559183673469387,13.979591836734674,0.5591836734693869
Panama,2027,4.559183673469387,13.979591836734674,0.5591836734693869
Panama,2028,4.559183673469387,13.979591836734674,0.5591836734693869
Paraguay,2024,3.3876031748360615,3.9388328599810007,0.13844575747884044
Paraguay,2025,3.355775268666816,3.9388328599810007,0.13844575747884044
Paraguay,2026,3.355775268666816,3.9388328599810007,0.13844575747884044
Paraguay,2027,3.355775268666816,3.9388328599810007,0.13844575747884044
Paraguay,2028,3.355775268666816,3.9388328599810007,0.13844575747884044
Peru,2024,3.1715908445288945,6.8836503442845975,0.20724624522880816
Peru,2025,3.2152391767784487,6.8836503442845975,0.20724624522880816
Peru,2026,3.2152391767784487,6.8836503442845975,0.20724624522880816
Peru,2027,3.2152391767784487,6.8836503442845975,0.20724624522880816
Peru,2028,3.2152391767784487,6.8836503442845975,0.20724624522880816
Puerto Rico,2024,-0.4902396325650879,25.238456033824086,0.5462068288943376
Puerto Rico,2025,-0.4902396325650879,25.238456033824086,0.5462068288943376
Puerto Rico,2026,-0.4902396325650879,25.238456033824086,0.5462068288943376
Puerto Rico,2027,-0.4902396325650879,25.238456033824086,0.5462068288943376
Puerto Rico,2028,-0.4902396325650879,25.238456033824086,0.5462068288943376
Saint Kitts and Nevis,2024,3.6061224489795918,25.197278911564613,0.7573832062544041
Saint Kitts and Nevis,2025,3.6061224489795918,25.197278911564613,0.7573832062544041
Saint Kitts and Nevis,2026,3.6061224489795918,25.197278911564613,0.7573832062544041
Saint Kitts and Nevis,2027,3.6061224489795918,25.197278911564613,0.7573832062544041
Saint Kitts and Nevis,2028,3.6061224489795918,25.197278911564613,0.7573832062544041
Saint Lucia,2024,3.1244897959183673,79.72778202189966,1.373045087143395
Saint Lucia,2025,3.1244897959183673,79.72778202189966,1.373045087143395
Saint Lucia,2026,3.1244897959183673,79.72778202189966,1.373045087143395
Saint Lucia,2027,3.1244897959183673,79.72778202189966,1.373045087143395
Saint Lucia,2028,3.1244897959183673,79.72778202189966,1.373045087143395
Saint Vincent and the Grenadines,2024,2.983673469387755,18.27893980547041,1.0099410088297824
Saint Vincent and the Grenadines,2025,2.983673469387755,18.27893980547041,1.0099410088297824
Saint Vincent and the Grenadines,2026,2.983673469387755,18.27893980547041,1.0099410088297824
Saint Vincent and the Grenadines,2027,2.983673469387755,18.27893980547041,1.0099410088297824
Saint Vincent and the Grenadines,2028,2.983673469387755,18.27893980547041,1.0099410088297824
Suriname,2024,0.8807345623503247,91.70642971703498,2.770726882424319
Suriname,2025,0.2585644564394726,91.70642971703498,2.770726882424319
Suriname,2026,0.07590888446052284,91.70642971703498,2.770726882424319
Suriname,2027,0.02228519271127998,91.70642971703498,2.770726882424319
Suriname,2028,0.00654244648315394,91.70642971703498,2.770726882424319
Trinidad and Tobago,2024,1.8862896322616054,30.817669445653255,0.6053198172140488
Trinidad and Tobago,2025,2.110764607384837,30.817669445653255,0.6053198172140488
Trinidad and Tobago,2026,2.2412082182101223,30.817669445653255,0.6053198172140488
Trinidad and Tobago,2027,2.3170096994032816,30.817669445653255,0.6053198172140488
Trinidad and Tobago,2028,2.361058346283908,30.817669445653255,0.6053198172140488
United States,2024,2.4755102040816324,43.24380834584914,0.744495278354321
United States,2025,2.4755102040816324,43.24380834584914,0.744495278354321
United States,2026,2.4755102040816324,43.24380834584914,0.744495278354321
United States,2027,2.4755102040816324,43.24380834584914,0.744495278354321
United States,2028,2.4755102040816324,43.24380834584914,0.744495278354321
Uruguay,2024,2.2377350586319738,9.575040963668549,0.3422690398848906
Uruguay,2025,2.2544882766990098,9.575040963668549,0.3422690398848906
Uruguay,2026,2.2619261958589885,9.575040963668549,0.3422690398848906
Uruguay,2027,2.2652284056916905,9.575040963668549,0.3422690398848906
Uruguay,2028,2.2666944863984924,9.575040963668549,0.3422690398848906
Venezuela,2024,1.3040379275712988,83.04725183578856,2.3686881279376095
Venezuela,2025,0.7085478818935201,83.04725183578856,2.3686881279376095
Venezuela,2026,0.3849888797872748,83.04725183578856,2.3686881279376095
Venezuela,2027,0.2091833753899141,83.04725183578856,2.3686881279376095
Venezuela,2028,0.11365960638576361,83.04725183578856,2.3686881279376095
Australia,2024,2.8489888646572634,41.047681863115436,0.8640634967819953
Australia,2025,3.1394754364900614,41.047681863115436,0.8640634967819953
Australia,2026,2.931416587442991,41.047681863115436,0.8640634967819953
Australia,2027,2.931416587442991,41.047681863115436,0.8640634967819953
Australia,2028,2.931416587442991,41.047681863115436,0.8640634967819953
Fiji,2024,2.3734693877551023,42.64652074032362,1.938885066721985
Fiji,2025,2.3734693877551023,42.64652074032362,1.938885066721985
Fiji,2026,2.3734693877551023,42.64652074032362,1.938885066721985
Fiji,2027,2.3734693877551023,42.64652074032362,1.938885066721985
Fiji,2028,2.3734693877551023,42.64652074032362,1.938885066721985
Kiribati,2024,1.2670625925133128,34.203588194136415,0.7840545468428045
Kiribati,2025,1.5372132504199485,34.203588194136415,0.7840545468428045
Kiribati,2026,1.4495939679727803,34.203588194136415,0.7840545468428045
Kiribati,2027,1.4780119578309054,34.203588194136415,0.7840545468428045
Kiribati,2028,1.4687950123707156,34.203588194136415,0.7840545468428045
Marshall Islands,2024,2.4411221870140767,45.07746293668061,0.7371315012515549
Marshall Islands,2025,2.4308082241275395,45.07746293668061,0.7371315012515549
Marshall Islands,2026,2.3519334072482208,45.07746293668061,0.7371315012515549
Marshall Islands,2027,2.3284343393189575,45.07746293668061,0.7371315012515549
Marshall Islands,2028,2.3439268133170272,45.07746293668061,0.7371315012515549
Micronesia Fed. States of,2024,0.1190159280355571,99.14988622831744,1.4309210735835185
Micronesia Fed. States of,2025,0.0,99.14988622831744,1.4309210735835185
Micronesia Fed. States of,2026,0.0,99.14988622831744,1.4309210735835185
Micronesia Fed. States of,2027,0.0,99.14988622831744,1.4309210735835185
Micronesia Fed. States of,2028,0.0,99.14988622831744,1.4309210735835185
Nauru,2024,1.882250004966538,20.05037011451144,0.49960297042592916
Nauru,2025,1.8234919805096452,20.05037011451144,0.49960297042592916
Nauru,2026,1.684891564775096,20.05037011451144,0.49960297042592916
Nauru,2027,1.755833944762606,20.05037011451144,0.49960297042592916
Nauru,2028,1.7518419845445816,20.05037011451144,0.49960297042592916
New Zealand,2024,2.530612244897959,45.93197278911562,0.778590017698751
New Zealand,2025,2.530612244897959,45.93197278911562,0.778590017698751
New Zealand,2026,2.530612244897959,45.93197278911562,0.778590017698751
New Zealand,2027,2.530612244897959,45.93197278911562,0.778590017698751
New Zealand,2028,2.530612244897959,45.93197278911562,0.778590017698751
Palau,2024,1.8233565180609492,94.50972919139132,4.760806431037957
Palau,2025,0.4144447920155192,94.50972919139132,4.760806431037957
Palau,2026,0.0,94.50972919139132,4.760806431037957
Palau,2027,0.0,94.50972919139132,4.760806431037957
Palau,2028,0.0,94.50972919139132,4.760806431037957
Papua New Guinea,2024,3.3857142857142857,12.711772098868874,0.5333758486455563
Papua New Guinea,2025,3.3857142857142857,12.711772098868874,0.5333758486455563
Papua New Guinea,2026,3.3857142857142857,12.711772098868874,0.5333758486455563
Papua New Guinea,2027,3.3857142857142857,12.711772098868874,0.5333758486455563
Papua New Guinea,2028,3.3857142857142857,12.711772098868874,0.5333758486455563
Samoa,2024,1.827737398234477,38.837692344877894,1.2916692306390978
Samoa,2025,1.762734463836573,38.837692344877894,1.2916692306390978
Samoa,2026,1.762734463836573,38.837692344877894,1.2916692306390978
Samoa,2027,1.762734463836573,38.837692344877894,1.2916692306390978
Samoa,2028,1.762734463836573,38.837692344877894,1.2916692306390978
Solomon Islands,2024,2.596315520057474,20.540024139978634,0.6428443749034485
Solomon Islands,2025,2.3961918541791967,20.540024139978634,0.6428443749034485
Solomon Islands,2026,2.2969819919366294,20.540024139978634,0.6428443749034485
Solomon Islands,2027,2.2477994191359905,20.540024139978634,0.6428443749034485
Solomon Islands,2028,2.2234175138232315,20.540024139978634,0.6428443749034485
Tonga,2024,1.6519340288492015,20.42881875689744,0.675670800790891
Tonga,2025,1.6519340288492015,20.42881875689744,0.675670800790891
Tonga,2026,1.6519340288492015,20.42881875689744,0.675670800790891
Tonga,2027,1.6519340288492015,20.42881875689744,0.675670800790891
Tonga,2028,1.6519340288492015,20.42881875689744,0.675670800790891
Tuvalu,2024,2.931123224245593,11.924877589830404,0.30104847839704485
Tuvalu,2025,2.772754164290783,11.924877589830404,0.30104847839704485
Tuvalu,2026,2.6771822290341487,11.924877589830404,0.30104847839704485
Tuvalu,2027,2.5477517324544983,11.924877589830404,0.30104847839704485
Tuvalu,2028,2.643876457518784,11.924877589830404,0.30104847839704485
Vanuatu,2024,4.353061384519,8.970120208902669,0.38063505668391534
Vanuatu,2025,3.884648721589234,8.970120208902669,0.38063505668391534
Vanuatu,2026,3.2783253987635512,8.970120208902669,0.38063505668391534
Vanuatu,2027,2.7101069594083387,8.970120208902669,0.38063505668391534
Vanuatu,2028,2.296923171056713,8.970120208902669,0.38063505668391534
